y,u_x_Re400,u_x_Re1000
1.0,1.0,1.0
0.9766,0.75837,0.65928
0.9688,0.68439,0.57492
0.9609,0.61756,0.51117
0.9531,0.55892,0.46604
0.8516,0.29093,0.33304
0.7344,0.16256,0.18719
0.6172,0.02135,0.05702
0.5,-0.11477,-0.0608
0.4531,-0.17119,-0.10648
0.2813,-0.32726,-0.27805
0.1719,-0.24299,-0.38289
0.1016,-0.14612,-0.2973
0.0703,-0.10338,-0.2222
0.0625,-0.09266,-0.20196
0.0547,-0.08186,-0.18109
0.0,0.0,0.0
