nbcells,h,Error_rho,Error_rhou,Error_rhoE,Error_e_internal,Error_p,ordre,CPU_time
1500,0.0141421356237309,0.0174071264168946,0.0522698548551652,0.0792191558696927,0.0177061778307442,0.0157548931784222,,59.307981503
2898,0.0101744615944559,0.0130038556882358,0.0396905322530361,0.0772688416729008,0.0132713441308338,0.0114698655777334,0.8856768404623043,322.862579367
6000,0.0070710678118654,0.0092147634581192,0.028325960613508,0.0760216574606896,0.0101393786817788,0.0078778032929515,0.946600802351142,781.487862178
12298,0.004939049548316181,0.006582161146605641,0.020481624766632952,0.07540063657522461,0.007104888603107881,0.005431290316172896,0.9375908795660642,2510.18973718
