nbcells,h,Error_rho,Error_rhou,Error_rhoE,Error_e_internal,Error_p,ordre,CPU_time
1500,0.0141421356237309,0.052151607681712,0.0803766856871102,0.0672306875617644,0.0227583204234407,0.0125330755520097,,55.260405313
2898,0.0101744615944559,0.0409494127592796,0.0637024498324921,0.0660807230769171,0.0190259549569964,0.0096765544514941,0.7343874666792729,424.284865922
6000,0.0070710678118654,0.0294055637326303,0.0464179563130532,0.0651404424823325,0.014633981132821,0.0064675294963919,0.9100893073157368,1274.383017074
12298,0.004939049548316181,0.02231319957460838,0.03518630949247977,0.0645529569792526,0.010348786705002637,0.004739714434801204,0.7691633365501442,3649.248554307
