nbcells,h,Error_rho,Error_rhou,Error_rhoE,Error_e_internal,Error_p,ordre,CPU_time
1500,0.0141421356237309,0.0149018731357057,0.0193292111695805,0.0931729527776852,0.022587945121896,0.0121493771994982,,68.449962801
2898,0.0101744615944559,0.0118003229403382,0.0152468954075619,0.0910515013500076,0.018656637314384,0.0092265424525939,0.7087024142410515,383.690392124
6000,0.0070710678118654,0.0081556590738322,0.0108564984912725,0.0903366177675585,0.0127284302388328,0.0059599698362824,1.0152404582750123,1183.34053827
12298,0.004939049548316181,0.005892811031473058,0.007904830844338158,0.08967035897127383,0.008820680922228928,0.00425186766031375,0.9056409267914307,2939.643145554
